{"cameraMode":{"drawMode":0,"name":"Shaded","section":"Shading Mode"},"sceneLighting":false,"audioPlay":false,"sceneViewState":{"showFog":true,"showMaterialUpdate":false,"showSkybox":true,"showFlares":true,"showImageEffects":true,"showParticleSystems":true},"in2DMode":false,"pivot":{"x":151.82557678222657,"y":-1.8000879287719727,"z":87.1039810180664},"rotation":{"x":-0.24321502447128297,"y":-0.12558048963546754,"z":0.031773075461387637,"w":-0.961283802986145},"size":3.373483896255493,"orthographic":false}