{"cameraMode":{"drawMode":0,"name":"Shaded","section":"Shading Mode"},"sceneLighting":false,"audioPlay":false,"sceneViewState":{"showFog":true,"showMaterialUpdate":false,"showSkybox":true,"showFlares":true,"showImageEffects":true,"showParticleSystems":true},"in2DMode":false,"pivot":{"x":-8.672858238220215,"y":-11.104119300842286,"z":-17.320066452026368},"rotation":{"x":-0.06475921720266342,"y":-0.012875259853899479,"z":0.0008355024619959295,"w":-0.9978175163269043},"size":3.1572606563568117,"orthographic":false}