{"cameraMode":{"drawMode":0,"name":"Shaded","section":"Shading Mode"},"sceneLighting":false,"audioPlay":false,"sceneViewState":{"showFog":true,"showMaterialUpdate":false,"showSkybox":true,"showFlares":true,"showImageEffects":true,"showParticleSystems":true},"in2DMode":false,"pivot":{"x":-10.299787521362305,"y":-9.73217487335205,"z":-8.498819351196289},"rotation":{"x":-0.22761118412017823,"y":-0.038843173533678058,"z":0.009086978621780873,"w":-0.9729346632957459},"size":2.969998359680176,"orthographic":false}