{"cameraMode":{"drawMode":0,"name":"Shaded","section":"Shading Mode"},"sceneLighting":true,"audioPlay":false,"sceneViewState":{"showFog":true,"showMaterialUpdate":false,"showSkybox":true,"showFlares":true,"showImageEffects":true,"showParticleSystems":true},"in2DMode":false,"pivot":{"x":-41.01362609863281,"y":-2.554934501647949,"z":7.739912033081055},"rotation":{"x":-0.18374641239643098,"y":-0.012682396918535233,"z":0.002370703499764204,"w":-0.9828890562057495},"size":19.44869613647461,"orthographic":false}